energy_0,contrast_0,correlation_0,homogeneity_0,energy_45,contrast_45,correlation_45,homogeneity_45,energy_90,contrast_90,correlation_90,homogeneity_90,energy_135,contrast_135,correlation_135,homogeneity_135,label
0.790299447,50.87323687,0.960399186,0.840010993,0.788739122,66.38787842,0.94847817,0.830367,0.79048175,44.34852262,0.965478163,0.841669547,0.788800455,64.38513184,0.950032447,0.830870585,1
0.82916066,53.21315661,0.949430771,0.871407898,0.828060376,58.29165649,0.944782988,0.864438554,0.829495239,42.82131566,0.959306287,0.873528347,0.827663226,75.37701416,0.928598812,0.861868776,1
0.864461931,40.36849465,0.938732893,0.899119527,0.863256686,59.25741577,0.910369637,0.891247533,0.864386026,44.67375973,0.932198808,0.897732965,0.863210727,57.85025024,0.912498059,0.890850084,1
0.865579625,36.06839737,0.940509385,0.900128445,0.864408942,48.23471069,0.920713727,0.893524435,0.865625482,33.02693337,0.945525926,0.900834772,0.86443969,45.21069336,0.925684485,0.893629222,1
0.869522822,26.35806785,0.942819452,0.901318423,0.868276897,36.05636597,0.922042855,0.895518933,0.869508174,26.97078672,0.941490235,0.902071187,0.868337774,36.85491943,0.92031631,0.895352995,1
0.861012472,32.84995136,0.938547358,0.895123128,0.859716884,46.86303711,0.912626393,0.886755011,0.861026891,32.06389835,0.940017833,0.893846944,0.859793408,44.44793701,0.917129217,0.88764805,1
0.791981131,101.6809035,0.939631053,0.840147667,0.790979642,127.9266357,0.924106079,0.830196068,0.793167391,84.58134728,0.949667332,0.843404135,0.791177858,125.5894165,0.92549266,0.830110721,1
0.858011477,60.87691513,0.93292643,0.890897398,0.856889033,73.27047729,0.91954072,0.885841322,0.858225431,50.02775413,0.944879926,0.893644519,0.856858397,77.41567993,0.914988818,0.884504549,1
0.796772058,74.99343385,0.955197964,0.841092399,0.795346219,95.64151001,0.943036659,0.831788054,0.796772318,75.66843993,0.954794707,0.841615973,0.794919302,110.986084,0.93389755,0.830400363,1
0.765731341,124.2948991,0.960598383,0.822436199,0.764443453,161.5333557,0.948717692,0.809879364,0.766642785,106.3432636,0.966139155,0.823898062,0.764276346,164.7091064,0.94770948,0.811246074,1
0.853994312,65.80517388,0.941668002,0.886332988,0.852185083,107.3283997,0.905176816,0.878176028,0.853811824,71.81018969,0.936344947,0.885308789,0.852978601,79.9942627,0.929326155,0.879663084,1
0.791419501,75.90807393,0.956172744,0.840662404,0.789986325,93.30618286,0.94628997,0.831533583,0.791327427,77.80447471,0.955077814,0.838792582,0.789359606,122.3321838,0.929581673,0.827575757,1
0.866372028,48.56456712,0.926699761,0.899236246,0.865251122,60.69030762,0.908706845,0.892117519,0.866554443,41.25489421,0.937732512,0.900453391,0.86525092,65.55636597,0.901387096,0.892660639,1
0.846530397,41.95078429,0.943200616,0.884024096,0.845284219,53.64434814,0.927604862,0.875632964,0.846651979,37.29708779,0.949501502,0.884416303,0.845285001,54.16647339,0.926900234,0.87667092,1
0.876941603,30.82657466,0.92988959,0.909838261,0.875754205,41.54803467,0.905829668,0.903178853,0.876941013,28.7264713,0.934665959,0.910516445,0.875845415,40.51776123,0.908164825,0.903498482,1
0.831785607,47.67910992,0.953852292,0.871281586,0.830482822,62.15402222,0.94003707,0.86321172,0.831953734,42.64524562,0.958724474,0.872411578,0.830619743,57.06143188,0.944950134,0.863091946,1
0.860430367,45.87539518,0.932743405,0.895127942,0.85902615,62.51647949,0.908652366,0.887372056,0.860764092,34.11104694,0.949990777,0.895156269,0.859361946,55.0088501,0.91962234,0.887605831,1
0.771574265,55.16530885,0.963426564,0.82302652,0.769421977,88.19165039,0.941700295,0.81145189,0.771196325,65.59235165,0.956513655,0.823347864,0.769712947,78.14361572,0.948342618,0.813906758,1
0.840812108,40.17141902,0.961408526,0.878223478,0.839270559,63.32235718,0.939367494,0.870599299,0.840645663,45.24945282,0.956530212,0.880000452,0.83945325,55.52398682,0.9468346,0.871027903,1
0.854730602,43.67847155,0.942195766,0.889647602,0.853579696,56.45651245,0.925533423,0.883357236,0.854761225,43.04483828,0.943034318,0.890859333,0.853457153,59.6932373,0.921264158,0.883017887,1
0.693194764,58.98863084,0.962638676,0.771189766,0.69095132,84.16156006,0.946824933,0.754452664,0.693179961,57.73659411,0.963431672,0.770537451,0.690993617,77.37158203,0.951114986,0.753997298,1
0.829902556,44.51203794,0.956518291,0.870623127,0.828332952,67.5921936,0.934186952,0.862306094,0.829918494,42.89457685,0.958098313,0.87152829,0.828622884,53.84991455,0.94756751,0.863313626,1
0.852900451,30.6146948,0.949775164,0.89001248,0.85155848,43.572052,0.92875584,0.882746937,0.852886576,30.86876824,0.949358345,0.891542175,0.851619134,42.56689453,0.930399361,0.882426203,1
0.890751952,29.28717777,0.921162726,0.920243548,0.889726115,40.61114502,0.89106403,0.91381947,0.890644833,31.74644334,0.914542703,0.919681514,0.889741618,39.19308472,0.894867857,0.914114845,1
0.874915525,30.12941576,0.939367472,0.908843749,0.873670367,44.11114211,0.911538961,0.900352898,0.874830922,33.98335495,0.931615505,0.907853119,0.873795402,42.88817584,0.913991513,0.901681351,1
0.83624385,43.8853964,0.952751749,0.878322785,0.834988077,54.93292236,0.941050833,0.869796243,0.836350068,41.31666464,0.955517318,0.878420881,0.834849954,62.293396,0.933152222,0.868275702,1
0.768597846,97.35521036,0.949514789,0.825312659,0.766738372,127.7988586,0.933922282,0.812938401,0.769357796,79.29191999,0.958881818,0.825455889,0.766662191,124.6348267,0.935558228,0.812992013,1
0.877285888,30.62098735,0.944414083,0.909937744,0.876024408,46.61169434,0.915675822,0.903010587,0.87708844,35.5964251,0.935382229,0.909582377,0.876055024,46.45220947,0.915964343,0.902667794,1
0.866693791,40.01167315,0.939307848,0.899068917,0.865665603,50.10189819,0.92425931,0.893459654,0.866800891,37.72565054,0.942775427,0.90044824,0.865467296,57.96218872,0.912376649,0.89314446,1
0.776238705,58.72501216,0.960312053,0.829143704,0.774530735,79.35443115,0.946529267,0.816917522,0.776329668,53.99112354,0.963511343,0.829096965,0.774623512,77.76147461,0.947602636,0.81803848,1
0.876431538,35.8905946,0.937434502,0.906544002,0.875243335,52.84362793,0.908196873,0.899068503,0.876385998,39.60186649,0.930964908,0.905883414,0.87538123,48.65963745,0.915465553,0.899763779,1
0.789225504,70.88372446,0.956997395,0.844156696,0.787890823,96.79489136,0.941409266,0.833099992,0.789254815,75.57716744,0.954189036,0.841851413,0.787508657,107.5370636,0.934906075,0.831508362,1
0.886298637,30.53948808,0.935670355,0.916271897,0.885271357,42.58520508,0.910607307,0.909667665,0.886298856,33.32757782,0.929797407,0.915855616,0.88502675,49.31268311,0.896485328,0.908639405,1
0.839390602,44.96595331,0.946195694,0.879482392,0.838314664,53.13473511,0.936629071,0.871452008,0.839785429,36.16196498,0.956730164,0.879811293,0.838222702,56.53149414,0.93257794,0.870784969,1
0.865767974,34.73321984,0.939207331,0.899587515,0.864536951,46.53231812,0.918828372,0.892153694,0.865782504,33.56675584,0.941248963,0.899655464,0.864613659,46.0461731,0.91967641,0.89295826,1
0.758741494,58.01875608,0.96265127,0.817973007,0.757070263,72.04373169,0.953756467,0.806943824,0.758967943,52.64941026,0.966107709,0.818023342,0.756673288,87.74740601,0.94367657,0.804206087,1
0.841297497,38.63925705,0.947652631,0.883078104,0.839862029,57.10165405,0.922893156,0.874226468,0.84132751,38.15089981,0.948314244,0.883004698,0.83983074,57.0630188,0.922945327,0.873432083,1
0.824889492,43.21826362,0.954617883,0.866618408,0.823421967,60.28518677,0.936898063,0.858410861,0.824860121,40.96197106,0.956987144,0.867868246,0.823467579,55.71844482,0.94167818,0.858986911,1
0.825440954,41.4374088,0.957070644,0.8673483,0.823974001,58.57345581,0.939511079,0.857668738,0.825487115,38.38709874,0.96023078,0.868827389,0.823974134,53.24533081,0.945013444,0.859846602,1
0.861400423,28.83244163,0.943418153,0.897337457,0.860136185,40.50143433,0.920784232,0.889645498,0.861278881,31.04727018,0.939071692,0.896956067,0.860105607,40.89437866,0.920015681,0.889661857,1
0.862139804,31.32624027,0.93326109,0.895511166,0.860879562,41.3848877,0.912125791,0.888684211,0.862201454,28.36132053,0.939577696,0.896788333,0.861001615,39.12164307,0.91693143,0.889282404,1
0.860295869,27.46966196,0.950369173,0.894729366,0.85907466,39.76895142,0.928386953,0.886300064,0.860143836,32.57447714,0.941146046,0.893581413,0.858891321,42.85379028,0.922831998,0.886283205,1
0.880596018,46.10435919,0.913412267,0.910714837,0.879516096,62.17010498,0.883642886,0.904289921,0.880732558,44.73370623,0.915986464,0.910376575,0.879622703,55.9855957,0.895217768,0.903777346,1
0.804591686,51.7031554,0.951511771,0.852754144,0.803073059,72.03497314,0.93265433,0.842210559,0.804850397,49.86639713,0.953234319,0.852014839,0.803134775,69.92098999,0.934630698,0.841594906,1
0.85310841,40.125,0.939738317,0.889566617,0.85190465,55.17993164,0.917401341,0.882243482,0.853078534,42.21121109,0.936605144,0.889213023,0.851812657,53.35855103,0.92012776,0.880958929,1
0.874808067,37.67071984,0.939080551,0.906515514,0.873750849,49.45645142,0.920294729,0.900612253,0.874808215,40.02684217,0.935270333,0.906541338,0.873644023,57.52877808,0.907285163,0.89992533,1
0.798272587,57.21108949,0.959406769,0.848686,0.796500269,80.41903687,0.943113298,0.838464142,0.798440964,53.48373662,0.962051454,0.850020116,0.796698749,76.82891846,0.945652871,0.83748575,1
0.863359685,41.62019698,0.943542809,0.896159511,0.86216682,58.03271484,0.921544584,0.889399268,0.863466588,37.75142875,0.948790737,0.896872854,0.862166962,56.11288452,0.924140035,0.889957353,1
0.846224968,47.96069431,0.942319447,0.884355528,0.84496337,65.39071655,0.92161521,0.877210362,0.84625561,47.29663181,0.943118091,0.88504826,0.844825761,67.62457275,0.918937455,0.875720178,1
0.872357104,37.20196984,0.940496202,0.903218512,0.871153585,52.94033813,0.915610319,0.896777532,0.872129437,43.35913181,0.930647946,0.902997088,0.87112336,55.28848267,0.911867253,0.896749996,1
0.828668895,56.94339737,0.949413681,0.870683351,0.827430484,73.71542358,0.934725464,0.862122461,0.829095976,49.38712913,0.956126378,0.872278135,0.82743106,73.33242798,0.935064604,0.862543839,1
0.862800638,36.62925584,0.950311669,0.893720123,0.861528742,52.02548218,0.92966366,0.887438113,0.862770375,36.15004864,0.950961723,0.894865016,0.861620499,47.66775513,0.93555513,0.887856185,1
0.836044734,54.83098249,0.94921589,0.874984935,0.834849903,69.54788208,0.935791068,0.867201017,0.836365183,44.48051435,0.958802428,0.87641277,0.834773205,67.19424438,0.937964025,0.867147358,1
0.867161847,45.1848553,0.944871275,0.89810325,0.8660592,59.43273926,0.927730935,0.891637081,0.867420463,38.3827821,0.953170286,0.900194989,0.866166761,54.99447632,0.933127777,0.893603535,1
0.815175445,50.59049732,0.958359124,0.860751179,0.813563275,73.07354736,0.940040475,0.851083807,0.815054981,53.20728964,0.956205251,0.862132354,0.813547986,72.19592285,0.940760598,0.850822784,1
0.853225397,25.11129013,0.956741605,0.891212189,0.851929005,32.85574341,0.943586525,0.884041003,0.853255096,22.38971304,0.961429977,0.890490684,0.852019601,28.99368286,0.950217702,0.882683879,1
0.901828327,26.83624149,0.927769696,0.926199908,0.90083243,35.8868103,0.903749688,0.921875535,0.901859198,26.01978964,0.929967194,0.926479805,0.900832323,38.20898438,0.897521495,0.921706824,1
0.855724877,32.15123419,0.950010569,0.891942698,0.854210534,48.08816528,0.925478869,0.884834761,0.855663858,33.64679596,0.947685237,0.891966395,0.854561201,42.93878174,0.933458751,0.884527931,1
0.851457869,31.29088643,0.951921836,0.887220889,0.850292382,38.50933838,0.941024623,0.880766229,0.851503646,28.92230058,0.955561147,0.888099816,0.850124561,42.86575317,0.934352963,0.879541869,1
0.861190039,26.80787938,0.953468465,0.895434043,0.85986578,37.75921631,0.934677269,0.888046689,0.861311563,26.62259849,0.953790065,0.894518497,0.860201193,33.32342529,0.942351104,0.888325141,1
0.855464646,25.81356396,0.959114169,0.892434424,0.854178235,35.96994019,0.943215342,0.885144095,0.855448543,24.88424125,0.960586114,0.891161023,0.854239147,32.20904541,0.949152553,0.884754052,1
0.877348958,32.57891537,0.93691935,0.908002725,0.876103139,44.65814209,0.913825796,0.902275897,0.877440688,27.84274684,0.946089717,0.910130697,0.876439153,37.37564087,0.927878413,0.903521425,1
0.858384098,30.82976654,0.948783674,0.893155469,0.857124712,41.1897583,0.931798718,0.887091847,0.858567077,28.39697836,0.952825173,0.894453462,0.857216301,39.78988647,0.934116601,0.887395337,1
0.8139971,38.52839251,0.957616723,0.85717539,0.812531956,55.30871582,0.939344645,0.847801691,0.813953821,40.14755593,0.955835557,0.857823745,0.812333769,52.8744812,0.942014195,0.848916501,1
0.84476142,28.92600924,0.952993968,0.885086782,0.843507334,38.69354248,0.937325314,0.877230704,0.844851524,28.34067972,0.953945154,0.884834488,0.843506655,36.66229248,0.940615474,0.876941594,1
0.860134206,37.81997811,0.951305779,0.894000132,0.859050959,51.19104004,0.934310315,0.886190739,0.860210282,40.33232004,0.948071073,0.893482959,0.858669641,57.59915161,0.926087259,0.88588801,1
0.822440947,35.22069553,0.96333531,0.862555969,0.820979009,47.77633667,0.950419727,0.854107447,0.822396346,34.40862111,0.964180678,0.863851376,0.820765742,49.82891846,0.948289644,0.853525905,1
0.863834327,31.58767023,0.94481098,0.898028039,0.862581853,42.76080322,0.925539022,0.891637308,0.864032624,27.16777116,0.952533294,0.899710705,0.862810455,36.40374756,0.936608799,0.891594775,1
0.866666552,19.69136065,0.960341182,0.901081389,0.865546501,26.55276489,0.946700094,0.895385974,0.866621578,21.34934339,0.95700197,0.901374744,0.865424083,26.72540283,0.946353555,0.895092215,1
0.857146984,37.07195404,0.955253984,0.89174212,0.855730516,58.49554443,0.929632632,0.882705603,0.856827388,45.90442607,0.94459315,0.889863172,0.855730208,56.51861572,0.932010783,0.883204291,1
0.791002402,48.86642753,0.954117252,0.836500425,0.789614813,60.29174805,0.943556823,0.826722944,0.791217311,44.84931299,0.95788909,0.838225697,0.789217928,67.64627075,0.936671758,0.827243556,1
0.88205879,29.35214008,0.939623044,0.912550486,0.880999656,38.97674561,0.920099713,0.906166351,0.882195453,27.51167315,0.943408859,0.912830918,0.881167157,34.85906982,0.928540732,0.90651544,1
0.783845187,32.1040856,0.953420193,0.842145763,0.782161807,43.47106934,0.93711067,0.831811731,0.783829598,33.05675462,0.952037966,0.842275396,0.78194765,46.06256104,0.933361575,0.830921894,1
0.782470167,67.30435311,0.980583032,0.861961684,0.78075648,92.69854736,0.973332703,0.847922873,0.78231887,71.4764713,0.979379397,0.862809488,0.780632774,93.90518188,0.972985582,0.846903337,1
0.662315372,80.35812865,0.978438679,0.791972411,0.659859756,109.0705261,0.970791997,0.770881439,0.662513969,75.35381201,0.979781414,0.796568169,0.660085894,103.2139587,0.972360328,0.770113703,1
0.778074195,67.54799976,0.98023293,0.86321222,0.775897067,104.8323364,0.969408303,0.844071496,0.77790685,72.90558123,0.978665102,0.861921093,0.776329226,92.28659058,0.973069346,0.848635249,1
0.804393212,51.52580861,0.978761177,0.878763231,0.802879395,71.18441772,0.97074511,0.864259789,0.804535639,49.04590224,0.979783389,0.882301614,0.802836722,68.15811157,0.971988841,0.867339922,1
0.74092908,72.52589981,0.982258591,0.837324197,0.738865471,102.8600159,0.974902633,0.819433755,0.740739055,78.45537451,0.980808112,0.839451276,0.739124457,93.38787842,0.977213791,0.820678503,1
0.720394115,92.60536235,0.980774709,0.816880041,0.718097745,130.0307922,0.973070362,0.79881375,0.720460783,91.77441026,0.980947219,0.819642553,0.718663259,111.2280273,0.976964452,0.801746032,1
0.775297031,62.78571863,0.983669152,0.860961717,0.773400585,93.43051147,0.97576605,0.842459123,0.774926255,75.70859679,0.980307853,0.857240072,0.773327342,94.3789978,0.975520032,0.845669722,1
0.853600087,45.71461576,0.976384818,0.904867214,0.852531028,58.15884399,0.970053927,0.89480282,0.853402694,53.35238327,0.972439312,0.904556904,0.851966146,73.62854004,0.962088558,0.89498547,1
0.828143282,62.11177651,0.975957672,0.891068425,0.826680806,83.8765564,0.967633749,0.879140554,0.828191173,60.56146644,0.976557768,0.893439872,0.826726433,84.80697632,0.967274719,0.879163832,1
0.80429447,71.89600559,0.977475372,0.875254288,0.803071119,85.50878906,0.973290205,0.862391236,0.803971814,81.97121231,0.974318864,0.873437706,0.802092459,117.8673401,0.963182586,0.85840398,1
0.767766293,58.11238448,0.982668929,0.855237585,0.765768516,87.54650879,0.973962737,0.837225896,0.767719544,62.3151143,0.981415533,0.85312274,0.766119943,75.09292603,0.977666565,0.838164466,1
0.774691626,67.97221547,0.979560091,0.853466222,0.773044992,88.01385498,0.973607307,0.839678365,0.77512355,56.04246717,0.983147483,0.858660359,0.773032452,87.57458496,0.973739031,0.840261844,1
0.805414169,70.84843142,0.975422446,0.875534837,0.803400242,106.25354,0.96325017,0.863918993,0.805499822,70.00088157,0.975716464,0.881353034,0.804119753,85.64059448,0.970379554,0.865625009,1
0.812399906,60.44452213,0.976489621,0.873680922,0.810358461,94.4942627,0.96335714,0.85991374,0.81179237,78.09818823,0.969623087,0.87337161,0.810602967,90.72488403,0.964818825,0.860793993,1
0.824215968,58.27702456,0.978035247,0.887552655,0.822510573,84.12295532,0.968391663,0.876242373,0.823988637,66.06821498,0.975098728,0.887416259,0.822845734,78.92221069,0.970345789,0.874631971,1
0.754975519,77.92324295,0.98049014,0.853635705,0.752982896,106.4873962,0.97340931,0.83401873,0.755013935,75.27109679,0.981154165,0.850579306,0.753337433,98.68057251,0.975358731,0.835962922,1
0.760258906,44.94467163,0.98239528,0.84519863,0.758406281,60.44191176,0.976389323,0.831303019,0.76031566,45.93362325,0.982008101,0.851304381,0.758529424,61.93042279,0.975807859,0.831175908,1
0.589196812,55.73893482,0.983266024,0.739336619,0.588066585,62.751297,0.981172109,0.718171983,0.589780074,55.47370501,0.983349116,0.748899905,0.586785946,91.02981567,0.9726873,0.716349238,1
0.84236935,40.46890199,0.975575755,0.898548798,0.841041251,54.34274292,0.967306789,0.889322149,0.842511135,37.78660019,0.977194608,0.902585712,0.841101945,51.97900391,0.968728841,0.889755424,1
0.742523364,58.41834874,0.981924212,0.83483567,0.74052034,75.1343689,0.976812224,0.818909369,0.742682439,48.99851046,0.984838896,0.840028463,0.740580769,77.88665771,0.97596282,0.817442298,1
0.80759934,54.82852018,0.979005662,0.882528667,0.805939949,76.27267456,0.970881649,0.869988741,0.806925543,71.87740151,0.972477491,0.880318898,0.805126157,98.88806152,0.962247853,0.865227463,1
0.827242705,71.48559095,0.972016336,0.88843299,0.825791336,98.61721802,0.961515329,0.87651609,0.827149788,74.86350924,0.97069402,0.887923895,0.825715165,101.3945618,0.96043149,0.875989289,1
0.87668851,60.41567364,0.959565923,0.918199871,0.875697891,77.47360229,0.948324379,0.910391215,0.876735314,58.19351897,0.961053133,0.917700511,0.875543993,81.25012207,0.945805405,0.908153443,1
0.894887656,54.55161722,0.955627176,0.931225354,0.89407637,67.49371338,0.945289929,0.925986684,0.894843523,55.93242339,0.954504014,0.932633136,0.893710287,80.35748291,0.93486262,0.924491674,1
0.893113602,48.72552894,0.959361269,0.929871185,0.891440902,86.73236084,0.92791202,0.922670844,0.89256826,66.23714129,0.944755996,0.929436561,0.891974535,70.33013916,0.941544798,0.922315753,1
0.871923156,53.92138862,0.964328414,0.917697084,0.870393781,88.23773193,0.941822233,0.908631121,0.871588995,66.45814081,0.956034751,0.915901198,0.870637199,80.33850098,0.947030431,0.907431431,1
0.694552162,111.9935858,0.975969033,0.804024348,0.691547702,177.822998,0.961930517,0.781454542,0.693611415,121.9001094,0.973855984,0.804718392,0.692863458,127.2331848,0.972761107,0.787747755,1
0.743213201,91.38342048,0.979205656,0.838276634,0.741806098,101.7184753,0.976913728,0.824324332,0.742988369,97.62275049,0.977785893,0.840356561,0.7404902,151.5448914,0.965605004,0.819751895,1
0.809963275,51.79599343,0.977035433,0.880614288,0.808187153,77.86343384,0.965582186,0.865816061,0.809934329,54.7134302,0.975741941,0.879591714,0.808430485,70.66491699,0.968764131,0.867145185,1
0.786110708,53.83992095,0.97692522,0.863293931,0.784326341,73.4906064,0.968594934,0.849230276,0.786471999,45.12670619,0.980660419,0.867286131,0.784857772,59.46360367,0.974589155,0.853847925,1
0.754189848,42.92397252,0.983524859,0.847690524,0.752077048,62.66369629,0.976012065,0.830307397,0.753825903,50.14652237,0.98075269,0.847680833,0.752172341,63.29330444,0.975771048,0.832977765,1
0.839443793,39.15187257,0.977438199,0.894434201,0.838288463,49.20526123,0.971734649,0.884927547,0.839403076,41.34806663,0.976172612,0.897292845,0.837846696,58.48059082,0.966406551,0.885323079,1
0.758280632,72.79459509,0.976360538,0.8515118,0.75710666,74.50747681,0.975869198,0.8369047,0.759163657,49.02097519,0.984080831,0.854339205,0.756114153,98.45083618,0.968114641,0.835167731,1
0.877856113,28.44750122,0.968049769,0.921678537,0.876714495,39.42935181,0.955864945,0.912714271,0.877905819,28.8282162,0.967622177,0.92361909,0.876870632,36.24636841,0.959427802,0.916614962,1
0.757711954,74.0572106,0.981027374,0.845332536,0.755852938,102.020874,0.973933302,0.828936604,0.757899712,67.41731518,0.98272844,0.848375345,0.755822743,99.41824341,0.974598283,0.829203554,1
0.715644459,64.64968385,0.978213644,0.817299598,0.713659898,84.78442383,0.971496951,0.800534022,0.715688977,64.96115029,0.978108683,0.820536771,0.713505678,88.57659912,0.970222088,0.797741289,1
0.735213212,62.63405885,0.982232786,0.829198962,0.733186183,87.41915894,0.975264863,0.811474259,0.735075784,66.4583232,0.981147969,0.829318476,0.733074444,89.67880249,0.9746255,0.808871075,1
0.781518276,63.92290856,0.979906177,0.853644697,0.779995362,81.29043579,0.974519824,0.837388701,0.781502155,65.00933244,0.979564666,0.853027686,0.779492098,96.74087524,0.969676943,0.836915897,1
0.829303136,65.65491245,0.975819251,0.882870811,0.828018179,81.81356812,0.969962304,0.873970371,0.829459024,57.57833779,0.978793859,0.88794335,0.827882249,89.20144653,0.967249859,0.873070296,1
0.739849716,64.21903879,0.979048059,0.826826551,0.737272258,109.8010406,0.964270449,0.811934158,0.737456645,101.1887768,0.96705647,0.828687499,0.737210178,109.749649,0.964287172,0.810997106,1
0.881069379,30.30362354,0.97066112,0.920927027,0.879838498,43.84451294,0.957695469,0.913933696,0.880766265,36.84995136,0.9643232,0.921730835,0.879883724,44.53329468,0.95703088,0.912605111,1
0.783780095,54.5001216,0.982428816,0.867652794,0.782192474,72.29983521,0.97675652,0.850488027,0.783914403,51.32721304,0.983451782,0.865613986,0.782043485,75.68157959,0.975669332,0.853036274,1
0.829847814,44.32210603,0.97587325,0.887590828,0.82844155,57.99136353,0.968531043,0.878466868,0.829803819,44.68853356,0.975673785,0.888733553,0.828379107,60.949646,0.966925733,0.876418392,1
0.777229981,53.87776629,0.975930061,0.859615423,0.775531132,73.92828369,0.96706512,0.847502851,0.777199743,54.63901386,0.975589973,0.865242824,0.775419476,72.35266113,0.967767056,0.846259501,1
0.860972369,33.60983098,0.960337569,0.905807216,0.859689743,46.25222778,0.945598852,0.895902579,0.860851994,36.51662816,0.956907303,0.906330901,0.859737535,46.56011963,0.945236715,0.897995411,1
0.787145178,59.57928016,0.980460141,0.86576241,0.785351541,84.64624023,0.97231902,0.85085966,0.787130621,60.74145793,0.980078989,0.866827773,0.78550557,80.83789063,0.973564425,0.85149743,1
0.594640805,87.29565905,0.979240102,0.745953957,0.592591518,128.840332,0.969350517,0.718231075,0.595359007,96.68655764,0.976981577,0.743799432,0.593031744,117.9838715,0.971934883,0.717766005,1
0.770124579,55.60970939,0.982662168,0.855841067,0.768337149,77.41033936,0.97593209,0.839349885,0.769640101,70.22239786,0.978106267,0.856089562,0.767759453,95.63702393,0.970265171,0.840067238,1
0.754821051,54.82085968,0.981801175,0.849635157,0.753021784,73.2800293,0.97573794,0.832074174,0.75488303,54.98270306,0.981747448,0.850499186,0.752809482,79.17990112,0.97378457,0.83185473,1
0.685298051,76.51653696,0.983813244,0.796716779,0.682901544,109.8689575,0.976807905,0.774954811,0.685331936,75.31274319,0.984067901,0.797978404,0.682961787,109.4444275,0.976897518,0.775363203,1
0.803401497,54.03690418,0.975771544,0.873195142,0.801443251,84.58950806,0.962185274,0.861249976,0.80336494,54.93050827,0.97537088,0.876813874,0.801945682,71.54098511,0.96801846,0.862218673,1
0.776119276,60.50656615,0.981416851,0.859233391,0.774113626,94.81948853,0.970960243,0.841926182,0.775798454,70.66345452,0.978297405,0.857716978,0.774171652,89.25695801,0.972663844,0.840934614,1
0.834253181,56.76507782,0.974843337,0.892892081,0.832986699,75.00454712,0.966864731,0.881681118,0.834088642,63.82347398,0.971715257,0.893322849,0.832725799,81.52038574,0.963986184,0.880474379,1
0.806300693,63.44461333,0.976303196,0.873702105,0.804659299,87.88562012,0.967272717,0.858329444,0.80631511,63.49583536,0.976284064,0.874149003,0.804936584,80.50900269,0.970019658,0.862701805,1
0.778528226,65.57700024,0.980044341,0.85143684,0.776687919,95.54714966,0.971006425,0.836160882,0.778423067,71.19193823,0.978335666,0.852316753,0.776690505,93.21868896,0.971712991,0.837774691,1
0.720624914,70.75972763,0.975766597,0.817410022,0.718394343,100.3276062,0.965723652,0.79949581,0.720534028,73.7474465,0.97474338,0.822379765,0.718566908,95.00976563,0.967540462,0.800789631,1
0.739448601,55.18096425,0.973133317,0.832142236,0.738098774,60.06018066,0.970832825,0.820001558,0.739406122,56.11138132,0.972680312,0.839280589,0.736924158,85.24002075,0.958604677,0.817222276,1
0.838721749,131.1830922,0.953058727,0.886338799,0.835983105,209.9694519,0.925109623,0.871668576,0.838220966,149.6172179,0.94646244,0.884256301,0.836410166,192.5204163,0.931333218,0.872624614,0
0.869102668,73.52021522,0.964230405,0.906293989,0.867734319,103.8643799,0.949636881,0.898395051,0.869225144,68.64709995,0.966601309,0.907160471,0.867871005,98.83825684,0.952074013,0.897599218,0
0.844377087,61.1170659,0.969088781,0.894669601,0.843075281,80.86178589,0.959233466,0.884187694,0.844667849,51.71954037,0.973841774,0.897196148,0.843152547,79.36306763,0.959989046,0.885966755,0
0.86552051,54.58776143,0.961764939,0.911485608,0.864591407,66.09036255,0.953863454,0.901462659,0.865795088,47.79799976,0.966520711,0.911582842,0.864088417,77.92092896,0.945604739,0.901478554,0
0.856803013,79.9165856,0.965772045,0.890825437,0.855157777,120.8054504,0.948431928,0.882521184,0.856833963,78.03805934,0.966576611,0.892407674,0.855600771,105.7098999,0.954875747,0.884477392,0
0.871744829,69.51994163,0.95486229,0.902204259,0.870142985,101.5867615,0.934264586,0.89553502,0.871867783,62.08496474,0.959689651,0.905589915,0.870493974,90.33755493,0.941543795,0.89514052,0
0.878990602,29.48787087,0.967831768,0.917241022,0.877750591,43.50454712,0.952702654,0.90913836,0.878947214,31.10217048,0.966070734,0.91930872,0.877842669,41.86898804,0.954480804,0.91013603,0
0.870392126,43.93075146,0.969779686,0.912025578,0.869255212,58.42028809,0.959946288,0.904124763,0.870333411,45.51164275,0.968692178,0.913788458,0.869286324,59.38653564,0.959283816,0.904639001,0
0.776504436,64.62539518,0.976693569,0.82377004,0.774328321,103.3777771,0.96282529,0.810847514,0.77638371,73.85074173,0.97336655,0.824538944,0.774801459,93.70428467,0.966303883,0.811926548,0
0.910388202,24.29571984,0.944381309,0.941363127,0.909470009,31.86239624,0.927317651,0.93581691,0.910222769,25.9842534,0.940515854,0.943267711,0.90944015,33.59805298,0.923358388,0.936874352,0
0.903325796,61.55781858,0.92176712,0.927838965,0.90203089,82.0880127,0.896043958,0.922190243,0.903645564,52.31581347,0.933512642,0.929357957,0.902275103,75.26083374,0.904689879,0.922945828,0
0.917471986,34.52583901,0.933026697,0.946260738,0.916612218,46.94454956,0.909263257,0.940431808,0.917381439,37.31748541,0.927611455,0.946112633,0.91656622,49.42355347,0.904471715,0.940914929,0
0.893581144,76.3540856,0.941677877,0.918252169,0.892446886,98.1109314,0.925322305,0.912579241,0.89358138,72.49002918,0.944629389,0.918874716,0.89223303,105.5575562,0.919654264,0.911176706,0
0.905321124,50.42549867,0.937014927,0.936132146,0.904312116,65.71030315,0.91824213,0.93098524,0.905636378,42.38042502,0.947081485,0.937644312,0.904729399,57.58784054,0.928348235,0.930562177,0
0.891502151,40.31575268,0.949477738,0.926423137,0.890402218,55.29495239,0.930945507,0.920291692,0.891596258,38.29441269,0.952010809,0.930086565,0.890616725,50.92697144,0.936400412,0.921817213,0
0.867631488,35.3905642,0.971071562,0.911561243,0.866436804,47.55075073,0.96126084,0.903386747,0.867527829,37.2214251,0.969575006,0.913798108,0.866437411,49.25604248,0.959871555,0.903297083,0
0.858023875,37.45659047,0.970420854,0.907426731,0.856820726,50.91503906,0.959924355,0.899157247,0.858166217,33.96695647,0.973176588,0.910835555,0.856774494,50.06530762,0.960593186,0.898110889,0
0.713332619,95.82526751,0.981298173,0.804663729,0.710954371,142.284668,0.972297805,0.781944878,0.713179421,101.1606578,0.980256886,0.803965553,0.711233707,134.7489624,0.973764974,0.787119154,0
0.904520749,32.30441391,0.951083359,0.935084276,0.903534009,44.78271484,0.932426658,0.928998406,0.904400621,33.08934217,0.949894789,0.937144222,0.903534067,42.6862793,0.935590002,0.92959705,0
0.876135813,38.0858463,0.959058817,0.916026626,0.875036143,52.10357666,0.944180071,0.907406464,0.876183501,36.64603599,0.960606571,0.919354845,0.875052683,49.57723999,0.946886601,0.911173107,0
0.856393951,53.45348979,0.959266393,0.903726217,0.855183916,68.72827148,0.94779844,0.895797958,0.856335514,53.26912087,0.959406889,0.906178318,0.85518394,73.08392334,0.944490168,0.894959501,0
0.85330676,54.71172787,0.959680542,0.899830381,0.851950653,71.98345947,0.947126135,0.889735706,0.854162352,35.9714555,0.973491066,0.905174741,0.852760461,56.10543823,0.958788986,0.892811076,0
0.86346479,37.41084022,0.961498317,0.910101418,0.86227042,52.98587036,0.945650689,0.901624161,0.86334686,41.2447714,0.957552595,0.913281835,0.862178381,53.49246216,0.945131061,0.901787159,0
0.818278468,55.20929596,0.975042138,0.881408702,0.816794884,73.54321289,0.966856092,0.869742962,0.818384968,54.43877675,0.975390459,0.88246732,0.816688598,80.1630249,0.963872725,0.867543209,0
0.856585385,56.81210482,0.967209318,0.900191767,0.855273274,82.13287354,0.952750213,0.891956166,0.856465009,61.31164883,0.964612281,0.902060528,0.855150794,84.84518433,0.951189863,0.890575341,0
0.867269216,48.6900535,0.96754434,0.908403698,0.865906756,71.49359131,0.952502936,0.89842069,0.867178162,49.93473371,0.966714665,0.908780106,0.866029546,68.1494751,0.954724613,0.901151279,0
0.841887983,50.92521887,0.97499223,0.890036863,0.840166791,85.17745972,0.95830628,0.878896777,0.841340118,69.48084874,0.965880145,0.887827346,0.840333947,80.68280029,0.960506381,0.877394728,0
0.879589298,46.42527967,0.963808355,0.915591736,0.87836837,65.93380737,0.948775238,0.908144801,0.879530373,45.59253405,0.964457537,0.919755706,0.878567401,59.75802612,0.953573276,0.909868071,0
0.874625777,49.99015078,0.961899851,0.914715833,0.873475922,64.92498779,0.950684245,0.908161386,0.874658272,45.13755472,0.965598273,0.919183833,0.873506453,66.16607666,0.949741538,0.90699302,0
0.86138545,64.69090467,0.961367013,0.90193849,0.860322253,82.77905273,0.950728587,0.894668292,0.861615687,57.23875243,0.965817389,0.905446163,0.860245205,83.40856934,0.950353888,0.894383597,0
0.85378626,51.60642631,0.967886541,0.904095926,0.852078527,77.59991455,0.951868512,0.893086815,0.854123871,39.14740394,0.975639496,0.910634136,0.852996969,52.06332397,0.967707629,0.899030058,0
0.844773211,54.42011187,0.972140574,0.901318322,0.843274483,79.68325806,0.959338381,0.889106517,0.844911822,53.30052286,0.972713728,0.901821286,0.843519426,74.9161377,0.961770998,0.890555436,0
0.91017541,26.89293531,0.948612778,0.941713199,0.909363219,32.61282349,0.937903181,0.93641649,0.91019202,23.74410263,0.954629591,0.944411157,0.909226367,34.23501587,0.934814427,0.937231098,0
0.862640143,38.01258512,0.973075248,0.91146193,0.86108966,64.50350952,0.954462428,0.898777654,0.862197909,50.81930934,0.964004097,0.907978317,0.860967914,66.54840088,0.953018795,0.898878568,0
0.850278251,49.58618069,0.971075044,0.897941917,0.849064497,64.86276245,0.962287804,0.891866097,0.850158088,51.55280277,0.96992786,0.900823206,0.848558808,79.48034668,0.953788918,0.886348508,0
0.818087184,61.5129195,0.971083087,0.877389907,0.816270578,88.97753906,0.95830071,0.865491034,0.818000781,60.67552286,0.971476743,0.881930241,0.816500615,81.81375122,0.961658017,0.867834833,0
0.806167174,43.68628772,0.975002642,0.872906068,0.804709934,57.04829545,0.967466996,0.858961131,0.80573144,50.81675005,0.970932162,0.87146833,0.803929332,71.89735525,0.958999004,0.856324121,0
0.852231361,38.41792315,0.971320671,0.899813129,0.850991688,53.60531616,0.960113729,0.890533904,0.852324483,36.95084509,0.972415858,0.902155967,0.850961974,52.59680176,0.960864137,0.891369279,0
0.870090055,32.49325146,0.967227649,0.915379695,0.868952201,44.97006226,0.954795579,0.907114408,0.869955671,34.98531736,0.964714178,0.916474332,0.868859435,46.22091675,0.953538205,0.905969762,0
0.861439464,53.26726654,0.962348348,0.906334795,0.860145551,74.14923096,0.947761515,0.897912225,0.86154886,47.93205861,0.966119508,0.909992845,0.860329592,68.16119385,0.951980116,0.899929128,0
0.93960017,37.59815783,0.96922316,0.95645369,0.938951897,50.19143677,0.959064771,0.952899104,0.939691624,34.45911357,0.971792697,0.957529626,0.938906099,51.03372192,0.958377819,0.952680029,0
0.967276539,25.53170598,0.957029884,0.97652763,0.966828086,34.54022217,0.94208746,0.973693438,0.967230924,27.328125,0.954006493,0.9758897,0.96687392,34.10391235,0.942819008,0.974450129,0
0.802631986,50.53979207,0.97203043,0.872985608,0.801053981,67.21426392,0.962913095,0.861163471,0.802500559,54.65700997,0.969751892,0.875455547,0.801008582,68.6395874,0.962126643,0.859634929,0
0.920346097,38.51653696,0.973478813,0.945298553,0.919560611,51.21633911,0.964860002,0.939607763,0.920513174,34.00641415,0.976584331,0.945311641,0.919591244,49.96740723,0.965716906,0.940037262,0
0.83211632,101.2797301,0.946562104,0.877489914,0.82997538,140.90802,0.925893114,0.864826937,0.832254646,95.87536479,0.949413592,0.878246811,0.830418584,125.9632263,0.933752937,0.867577588,0
0.71025422,103.1940357,0.972779323,0.778086157,0.708152923,135.6636353,0.964304635,0.765587329,0.710291859,101.5362962,0.973216604,0.785896277,0.707466748,152.4815674,0.959879557,0.765058074,0
0.967276709,23.5962731,0.95760202,0.976784124,0.966690965,37.01852417,0.933735431,0.973909421,0.96704874,29.91391051,0.946250436,0.975612569,0.966752,35.03933716,0.937278252,0.973773093,0
0.946851912,26.34867461,0.965983583,0.963509482,0.946063657,40.09490967,0.948427576,0.959616435,0.946806388,27.223857,0.964853713,0.964628201,0.946231557,36.34423828,0.953251909,0.960377697,0
0.862281269,32.27477505,0.966703819,0.914421827,0.860864956,50.59460449,0.947976489,0.904711025,0.862285941,35.88855788,0.96297567,0.916139905,0.86126259,40.54400635,0.958310938,0.906294949,0
0.839300819,69.65509484,0.949437211,0.888348403,0.837643571,95.29898071,0.93104718,0.875606283,0.83949881,67.97419139,0.950657382,0.886316369,0.837535825,95.10580444,0.931186952,0.876318929,0
0.975605627,18.62518239,0.947868253,0.982030557,0.975296651,23.7449646,0.93379054,0.980946288,0.975636113,17.71026873,0.95042909,0.982923563,0.975250854,24.84085083,0.930734817,0.980610548,0
0.898360979,40.07371717,0.969554573,0.933713781,0.897426964,53.68096924,0.95935818,0.925257116,0.898437526,38.4192303,0.970811545,0.933767235,0.897442873,53.69598389,0.959346813,0.926500881,0
0.893435855,27.46187986,0.951232569,0.932423727,0.89237486,39.84875488,0.929481111,0.926174945,0.893408493,28.67576605,0.949076922,0.933616401,0.892327875,38.81713867,0.931306724,0.92492265,0
0.931373695,13.31693823,0.959792701,0.957614218,0.930600175,21.78027344,0.934478002,0.953579619,0.93052433,16.78617461,0.949857706,0.958080574,0.930706363,19.82525635,0.940359316,0.952701192,0
0.798832229,78.11630593,0.966113445,0.866452132,0.797557967,93.3130188,0.95964083,0.856225703,0.799438507,58.86366124,0.974465169,0.873241137,0.797299042,101.274353,0.956197443,0.856299624,0
0.959115313,36.51909047,0.96608941,0.970765042,0.958680629,47.83966064,0.955743199,0.967589605,0.959115302,36.71650049,0.965906101,0.970630754,0.958482263,54.17376709,0.949883473,0.967443026,0
0.828570043,67.53280034,0.965967406,0.885307776,0.827160853,89.55386353,0.95501288,0.876763225,0.829031983,53.83812622,0.972868723,0.890371958,0.82740393,83.39764404,0.958105439,0.876152389,0
0.956850762,34.23093993,0.963621688,0.970309685,0.956300392,47.27276611,0.949948801,0.967228295,0.95692676,31.82915856,0.966174138,0.970544353,0.956407184,44.01019287,0.953403131,0.967388081,0
0.847050711,57.80091804,0.964659666,0.898314183,0.84576032,77.53863525,0.952745358,0.889879519,0.847329577,50.17616124,0.969321555,0.902576044,0.845987536,71.20632935,0.956604478,0.890443768,0
0.955711062,35.77921328,0.966498454,0.969635685,0.954988323,55.54071045,0.948188303,0.9659301,0.955634966,38.28240516,0.964154613,0.968844952,0.955217127,48.15768433,0.955075631,0.966082372,0
0.81942928,86.32599708,0.964983038,0.879281393,0.818303184,101.0585022,0.959135299,0.867745033,0.820010099,69.78167558,0.971694016,0.88256269,0.817984506,113.4762878,0.954113959,0.869239176,0
0.752593436,115.6679232,0.97371541,0.814581302,0.750291801,167.5758362,0.962025633,0.801503616,0.753052267,97.23741488,0.977903593,0.818795882,0.751206654,137.0516052,0.96894273,0.801453369,0
0.938645202,34.27428867,0.961002876,0.956836043,0.937931631,47.64645386,0.94598589,0.952937119,0.938706226,32.32499392,0.963220774,0.958417971,0.937992702,45.62924194,0.94827269,0.954342318,0
0.852222824,36.41758876,0.969173712,0.905574557,0.850535317,58.06994629,0.951005521,0.894026552,0.851798441,44.73607733,0.962132386,0.904654362,0.850782046,55.62887573,0.953065089,0.895514301,0
0.828609529,58.61366124,0.958331645,0.880151186,0.827672775,63.90820313,0.954712297,0.873328809,0.829097996,46.83900778,0.966702226,0.884207242,0.826664786,82.17651367,0.941766701,0.869864898,0
0.789150609,103.1613266,0.965388088,0.857544969,0.787309722,136.5531006,0.954320382,0.84512512,0.789079478,103.0330435,0.965431129,0.861685192,0.78676063,152.7463684,0.948903425,0.843919433,0
0.947979276,28.44577415,0.966729805,0.965282543,0.947259542,39.70576484,0.953760088,0.961168202,0.94783846,30.72050175,0.964091645,0.964952446,0.947170373,42.0876855,0.950986189,0.961298093,0
0.849774197,39.62727991,0.965502402,0.900092743,0.84855557,53.72131348,0.953384427,0.891419338,0.849777518,39.22762646,0.965850321,0.902877609,0.848601942,45.90322876,0.96016841,0.892154314,0
0.974723922,20.92491488,0.95263618,0.980819264,0.97431995,29.02975464,0.93454022,0.979616246,0.974723961,20.6900839,0.953167723,0.981510634,0.974304706,29.31219482,0.93390334,0.979420983,0
0.957002877,21.12919504,0.964079392,0.97046371,0.956453192,29.39706421,0.950209789,0.967965469,0.956972614,21.75957563,0.963007716,0.971315205,0.956483614,29.21707153,0.950514645,0.967604532,0
0.684866752,67.15764835,0.978967267,0.776046791,0.682732466,85.83670044,0.973177576,0.759088524,0.685031375,60.96662208,0.9809062,0.78619858,0.682854663,86.206604,0.973061988,0.760323243,0
0.827455549,45.95944796,0.967473621,0.875115376,0.825751814,65.89694214,0.953511063,0.861210983,0.827545639,44.09426678,0.968793645,0.873503486,0.82608823,60.3223877,0.957443797,0.865022808,0
0.896961664,25.29593264,0.950409078,0.932500894,0.896035716,33.10345459,0.935329466,0.927544227,0.897101256,23.77206955,0.953396506,0.935642138,0.896189429,30.78771973,0.939853459,0.928753474,0
0.822072419,33.55301556,0.964390963,0.882246305,0.820604371,45.40289307,0.951964832,0.871875217,0.822123933,32.50984922,0.965498051,0.887764186,0.820604189,45.4291687,0.951937033,0.871562584,0
0.964724048,20.35290005,0.962412036,0.975605464,0.964250294,27.94503784,0.948584543,0.973705962,0.964708971,20.66354572,0.961838332,0.975933211,0.964219725,29.1842041,0.946304629,0.973047163,0
0.978538894,16.64244893,0.947281726,0.984171603,0.97821086,22.91714478,0.927682019,0.982665112,0.978538879,16.96032952,0.946274776,0.983923048,0.978165097,23.15530396,0.926930478,0.983101549,0
0.979405378,15.55930812,0.945429579,0.98499399,0.97905022,21.33425903,0.925460733,0.983949931,0.979496611,13.39080739,0.953035058,0.985607583,0.979111245,20.05053711,0.929945899,0.98382353,0
0.958370639,13.82323079,0.965470704,0.969911257,0.958451756,24.35568237,0.938565969,0.967144157,0.959024118,15.80794018,0.959976587,0.970119072,0.958802698,16.98864746,0.957148353,0.968097514,0
0.856393502,59.91698079,0.962451434,0.903124296,0.855125191,82.60238647,0.948405272,0.894460144,0.856532049,53.01799611,0.966774866,0.906128806,0.855171888,78.53390503,0.950946509,0.895512373,0
0.800672541,114.3355423,0.979862335,0.879002076,0.798820422,155.6194763,0.972671964,0.864601561,0.800038575,111.6514774,0.980387169,0.879752573,0.79869593,159.8492126,0.971929188,0.86361604,0
0.932973766,43.91986868,0.972031616,0.951843523,0.932223206,60.86660767,0.961380377,0.948021613,0.932943727,44.13384606,0.971895354,0.95367556,0.932253757,59.45275879,0.962277458,0.94829666,0
0.721282658,81.29657101,0.973600496,0.805534048,0.718173398,127.4379883,0.958720718,0.785433942,0.720724678,94.20352018,0.969409212,0.80674654,0.718604073,122.9762573,0.960165947,0.788757148,0
0.841872264,40.21437257,0.966867454,0.896299813,0.84084936,50.09750366,0.958857071,0.887789013,0.842044613,38.16834874,0.96855317,0.899003242,0.840359965,57.92868042,0.952425662,0.886080216,0
0.949709326,23.82441634,0.958368891,0.966130612,0.949023917,34.81594849,0.939387022,0.962908258,0.949663951,24.45075389,0.957274421,0.966741561,0.948962906,36.49267578,0.936467916,0.962383416,0
0.977839928,15.0728356,0.94568641,0.984008506,0.977570175,18.7159729,0.932815528,0.982895645,0.977839916,15.28927529,0.944906489,0.984068484,0.977387041,23.13085938,0.91696747,0.981659596,0
0.751699323,81.83712305,0.970509051,0.815045844,0.749501616,112.160553,0.959694193,0.802647638,0.75191336,76.49167072,0.972435346,0.817560119,0.749620869,107.8735962,0.961234746,0.799950523,0
0.857696676,37.63956104,0.965724941,0.91160116,0.856353232,54.3274231,0.950691391,0.902464816,0.857532165,39.73467899,0.9638171,0.913098899,0.856245911,54.52606201,0.950511103,0.902739503,0
0.85168953,37.20990394,0.968149997,0.904481661,0.850383484,51.1661377,0.956346877,0.895893364,0.851662827,37.32636187,0.968050314,0.909015724,0.85036861,52.54510498,0.955170391,0.896016493,0
0.829565153,48.72957198,0.964801007,0.891007985,0.828107472,67.50036621,0.951395053,0.878952909,0.829615182,46.50896766,0.966405023,0.89334083,0.828200939,61.93228149,0.95540446,0.882213876,0
0.968295032,19.74091075,0.959209893,0.977040733,0.967789603,28.66479492,0.940994007,0.974721025,0.968355949,18.06034168,0.962682407,0.978352714,0.96792694,25.25842285,0.948005966,0.975641361,0
0.966542467,19.7040775,0.943699414,0.97694791,0.966187832,23.48775228,0.933140999,0.975488005,0.966768053,17.14479437,0.950950583,0.977268547,0.965964001,28.0435791,0.920172622,0.973952262,0
0.793558215,82.06180083,0.960573382,0.849616891,0.791706797,104.5507813,0.949920045,0.840313112,0.793927365,74.0728356,0.964411683,0.85453632,0.791736688,109.5723572,0.947514703,0.83767964,0
0.802562465,90.59299003,0.959858815,0.85525597,0.800763319,118.32724,0.94773182,0.845957341,0.802808604,82.84651629,0.963291229,0.859460391,0.800380588,132.4532776,0.941491986,0.843063855,0
0.930558971,37.05754499,0.973091589,0.952975513,0.92969163,53.25805664,0.961467714,0.94706867,0.930559139,36.97957198,0.973148207,0.953384522,0.929966479,46.68304443,0.966224745,0.948766441,0
0.850326449,42.54575024,0.963511029,0.904350394,0.849031662,58.0050354,0.950413686,0.895910999,0.850669258,35.14649197,0.969856935,0.91032884,0.849015977,58.69476318,0.949824064,0.895243641,0
0.946317833,43.13515321,0.95387756,0.960340331,0.945756963,54.58163452,0.941853671,0.958025629,0.946424408,39.63390686,0.957621282,0.962098361,0.945756831,54.18582153,0.942275334,0.957358172,0
0.977171105,14.7395124,0.949368945,0.983863151,0.976730882,22.79449463,0.921997628,0.981895616,0.977064705,16.83086089,0.942185045,0.983620908,0.976807186,19.93515015,0.931782256,0.982440055,0
0.624262735,18.00240151,0.967784725,0.859999538,0.621520007,22.72125244,0.95940943,0.834882938,0.624461908,16.77924368,0.969973565,0.866802127,0.621087299,25.75250244,0.953994229,0.82452221,0
0.570951592,17.29502067,0.968604197,0.843899572,0.567546419,22.70739746,0.958826022,0.811537363,0.571430373,15.90971547,0.971118954,0.857742119,0.567426853,24.12924194,0.956247875,0.810311303,0
0.569788767,13.68604086,0.976667136,0.848067629,0.566545598,18.29980469,0.968834892,0.81135091,0.57000682,13.65193337,0.976725284,0.854173106,0.56630789,18.91082764,0.967794302,0.813013348,0
0.888620807,14.8306785,0.957146582,0.931708755,0.887674566,18.51361084,0.946688796,0.926025281,0.888716649,13.36433001,0.961383613,0.935804198,0.887537814,20.21929932,0.94177715,0.926306037,0
0.885984755,12.49942242,0.968293034,0.930948377,0.885028642,16.83071899,0.957452005,0.923671586,0.886018066,12.81146644,0.96750148,0.934332895,0.884814987,17.7505188,0.955126755,0.924465428,0
0.861881612,21.34347002,0.95376987,0.913029483,0.860229772,29.79963942,0.935669379,0.900109512,0.862009672,21.36802455,0.953668309,0.911201683,0.86035167,29.15669071,0.937057359,0.902014938,0
0.850602165,18.51179475,0.972838673,0.911344755,0.849060419,27.0536499,0.960434219,0.901289236,0.850182801,22.45415856,0.967054262,0.914912929,0.849030648,28.25918579,0.958671131,0.902536547,0
0.90002064,11.4792376,0.962055174,0.941568201,0.899702206,12.22119141,0.959744112,0.935829948,0.900192839,11.39369528,0.962337936,0.944277972,0.898479651,18.73379517,0.938291978,0.933466715,0
0.892895151,13.64348249,0.970552683,0.928971858,0.891709312,20.23788452,0.956472398,0.921066093,0.893199875,11.88481882,0.974348483,0.93054109,0.892259067,15.41522217,0.966844971,0.923172951,0
0.863671554,25.89244893,0.965270963,0.912222637,0.862338132,36.099823,0.951740493,0.902806321,0.863858091,22.87287208,0.969321063,0.915928298,0.862736003,30.32022095,0.959466867,0.906161898,0
0.873384166,34.88273949,0.934898123,0.910558053,0.87179454,45.93031103,0.914630368,0.902821462,0.873122332,36.71237281,0.931530514,0.913846038,0.871262195,51.57321009,0.904142039,0.902151185,0
0.874261103,19.46248784,0.967722722,0.922664055,0.872966755,28.40927124,0.953043061,0.913602977,0.874220185,19.73109193,0.96727726,0.925623926,0.873289318,24.0430603,0.960259857,0.916225479,0
0.895932588,24.00829888,0.950398873,0.927809653,0.894820135,31.70550537,0.934725294,0.920502404,0.895903911,22.90311892,0.952682174,0.929854141,0.894531707,34.46496582,0.929044168,0.922966463,0
0.865622071,17.87524319,0.971468377,0.91817862,0.864170381,26.6809082,0.957554101,0.908324652,0.865535274,18.94424854,0.969762081,0.9201102,0.864537567,23.29391479,0.962942373,0.909955427,0
0.898739617,17.34615151,0.95653853,0.935873956,0.897682963,24.84725952,0.937961563,0.929496405,0.898696803,16.99005958,0.957430732,0.937991486,0.897744462,23.3767395,0.941633146,0.929799723,0
0.749482004,35.70443215,0.981303553,0.828749957,0.747711026,45.96154785,0.975997019,0.81435432,0.749560968,33.62183852,0.982394093,0.831219721,0.747480114,50.21972656,0.973773226,0.811971522,0
0.894501272,29.95385457,0.941376219,0.924543976,0.893322899,39.20065308,0.923546837,0.916818148,0.894927448,24.77112719,0.951519524,0.92539547,0.893400046,37.67156982,0.926529013,0.918822106,0
0.88693671,15.54274076,0.962126355,0.931646225,0.885936553,21.52160645,0.947737521,0.923392605,0.887120881,14.2915856,0.965175097,0.932050723,0.885799344,20.39486694,0.950473664,0.923776008,0
0.633526896,38.22455618,0.984041386,0.743776963,0.630733346,55.8762207,0.976713399,0.723636976,0.633409222,41.26526021,0.982771903,0.75133032,0.630849876,56.62445068,0.976401571,0.720547082,0
0.864579129,19.00796449,0.968954245,0.915416287,0.863324109,26.59616089,0.956704679,0.907034018,0.864324529,22.130107,0.963854842,0.918278535,0.86309467,29.6315918,0.951763366,0.905800913,0
0.891908248,21.70452335,0.955721043,0.926269239,0.89059697,30.41333008,0.938170201,0.919341681,0.891894487,22.57602748,0.953943105,0.927949242,0.890489917,30.61297607,0.937764324,0.919695558,0
0.894288732,13.6275839,0.958906146,0.935926275,0.893518269,15.94009399,0.952098809,0.931233868,0.894645009,10.90530764,0.967115145,0.94150713,0.893335438,17.41027832,0.947680794,0.931032096,0
0.797840592,28.46859801,0.975488101,0.871488758,0.795310032,45.33236694,0.961083181,0.859016946,0.797044288,37.8515625,0.967409225,0.876091012,0.795035222,47.89797974,0.95888066,0.858500574,0
0.868548888,25.08285748,0.94442755,0.911444812,0.867079944,32.02627841,0.929282467,0.90218891,0.869144857,22.87661638,0.949297163,0.913900663,0.867134839,32.29802489,0.928682421,0.90554781,0
0.869750264,38.12256809,0.952074758,0.908523633,0.867755744,55.14404297,0.930909709,0.897357048,0.869674739,39.65834752,0.950144075,0.907870341,0.86827596,51.79122925,0.935110468,0.900753791,0
0.903462147,12.74984801,0.955337888,0.942690512,0.902621175,16.74234009,0.941557907,0.936341921,0.903603557,12.55417072,0.956023336,0.944952837,0.902423061,18.60522461,0.93505518,0.936475214,0
0.766190247,26.37405764,0.985875348,0.85786606,0.763200981,54.41690063,0.970936549,0.840293632,0.764643484,45.71227505,0.975540937,0.856580442,0.763475507,51.14569092,0.972683665,0.841519369,0
0.827996615,26.74243069,0.977915561,0.89126336,0.826366667,38.04367065,0.968680577,0.881371142,0.827836148,29.57468993,0.975576624,0.896228902,0.826321595,40.35958862,0.966773999,0.880286062,0
0.793558215,82.06180083,0.960573382,0.849616891,0.791706797,104.5507813,0.949920045,0.840313112,0.793927365,74.0728356,0.964411683,0.85453632,0.791736688,109.5723572,0.947514703,0.83767964,0
0.802562465,90.59299003,0.959858815,0.85525597,0.800763319,118.32724,0.94773182,0.845957341,0.802808604,82.84651629,0.963291229,0.859460391,0.800380588,132.4532776,0.941491986,0.843063855,0
0.930558971,37.05754499,0.973091589,0.952975513,0.92969163,53.25805664,0.961467714,0.94706867,0.930559139,36.97957198,0.973148207,0.953384522,0.929966479,46.68304443,0.966224745,0.948766441,0
0.850326449,42.54575024,0.963511029,0.904350394,0.849031662,58.0050354,0.950413686,0.895910999,0.850669258,35.14649197,0.969856935,0.91032884,0.849015977,58.69476318,0.949824064,0.895243641,0
0.977171105,14.7395124,0.949368945,0.983863151,0.976730882,22.79449463,0.921997628,0.981895616,0.977064705,16.83086089,0.942185045,0.983620908,0.976807186,19.93515015,0.931782256,0.982440055,0
